pain_id,pain_category,frequency_signal,products_affected,evidence_type,observed_failure_mode,homeplatform_relevance,recommended_response,source_ids,limitations
P01,sync reliability,HIGH,"TimeTree; Skylight; Sweepy; Bring!; Cozi; FamilyWall","official bug register plus current store/community reports","events, tasks or list items appear late, duplicate, disappear or remain stale","shared state becomes valueless when members cannot trust it","define atomic mutations, idempotency and visible refresh/conflict semantics before adding realtime transport",S025;S038;S033;S063;S004;S009,"self-selected reports do not establish population prevalence"
P02,calendar integration semantics,HIGH,"TimeTree; Skylight; Cozi; FamilyWall; Todoist","official support material plus repeated current reports","duplicates, missing events, timezone shifts, one-calendar-per-profile friction and limited history horizons","one-way import is not a checkbox; ownership, identity, timezone and conflict rules are product behavior","run an early design spike; keep provider IDs in an integration mapping rather than HouseholdEvent",S025;S038;S004;S009;S084,"providers and locales differ; exact failure rates unknown"
P03,coarse or unsafe permissions,MEDIUM-HIGH,"Cozi; FamilyWall; Google Family; Skylight","official account and role documentation","all members can edit everything, shared credentials, or profile labels are mistaken for access control","children, caregivers and guests need explicit resource authorization","keep Owner/Member/Guest security-only; validate a small permission matrix before a capability engine",S002;S088;S054;S034,"not every household needs fine-grained ACLs"
P04,child or non-account identity,MEDIUM-HIGH,"Family Tools; Jam; Skylight","official onboarding/account documentation","children and dependants may need a visible household identity before ordinary login or their own device","current required UserId membership cannot preserve history before and after account linking","give membership a stable ID and optional AccountId; defer a global Person model",S011;S016;S034;S054;S088,"FamilyWall no-email children still receive credentials; Google supervised child Accounts are separate patterns; relationship taxonomy is not yet validated"
P05,multi-space and household limits,MEDIUM,"TimeTree; FamilyWall; Any.do; Google Family; AppClose","official limits and workspace/circle documentation","users need several circles or households, while fixed member/project limits or one-family-group constraints block real arrangements","schema must permit one Account in multiple households without global uniqueness","use HouseholdId on every authorization check; treat active-household selection as UI state initially",S020;S007;S027;S054;S043,"usage frequency across households is unknown"
P06,pricing and paywall frustration,HIGH,"Splitwise; Todoist; Skylight; Hearth; TimeTree; OurFamilyWizard; FamilyWall; Cozi","official prices plus repeated current store/community reports","core collaboration, reminders, history, sync or hardware utility moves behind subscriptions or repricing","household value collapses if only one member pays or adoption requires several subscriptions","prefer one transparent household entitlement; keep first shared-value loop useful before payment",S050;S061;S036;S059;S021;S039;S006;S001;S064;S065;S066;S067,"complaint samples overrepresent dissatisfied users"
P07,notification overload or failure,MEDIUM,"TimeTree; FamilyWall; Family Tools; Tody","official bug/support pages plus store reports","duplicate, missing, mistimed or excessively noisy reminders cause alerts to be disabled","reminders require preferences, quiet hours, deduplication and delivery status rather than only a push call","specify notification semantics before Phase 4; add durable scheduling only with the first reliable delivery case",S025;S009;S014;S058;S081,"few products publish end-to-end delivery guarantees"
P08,recurrence and reminder rigidity,MEDIUM,"Tody; Family Tools; Cozi; Todoist; Sweepy","official recurrence docs plus current user reports","limited repeat rules, grouped reminders, re-entry and weak edit-series behavior","recurrence is table stakes but an unrestricted RRULE engine is unnecessary","support daily and selected-weekday local-time patterns first; define DST, missed occurrence and series-edit rules",S058;S081;S013;S002;S061;S032,"advanced-rule demand is segment-dependent"
P09,partner or family adoption friction,MEDIUM,"Cozi; Any.do; FamilyWall; Skylight; OurFamilyWizard","official onboarding constraints plus user reports","shared password, required paid accounts, invite complexity and profile/calendar mapping prevent a second person from reaching value","the product must prove value in one session and tolerate non-account profiles","measure household-created to second-member-joined to first-shared-action; use optional templates",S002;S027;S007;S038;S040,"direct conversion data is unavailable"
P10,offline and reconnect behavior,MEDIUM,"Sweepy; Any.do; OurFamilyWizard; Todoist","current app-store reports and one developer confirmation","changes fail, counts diverge or workflows stop without stable connectivity","mobile household use will encounter weak connections; transport failure must not look like success","define retry and pending-state UX; do not claim offline-first until conflict/replay is proven",S033;S029;S083;S084,"official offline guarantees are sparse"
P11,location accuracy and privacy,LOW-MEDIUM,"FamilyWall; AppClose; OurFamilyWizard; Life360","official privacy/help documentation plus user reports","precise location can be stale, wrong, over-shared or interpreted as an emergency signal","location multiplies safety, consent and retention risk without strengthening the core coordination loop","do not build location in six months; require separate privacy/safety review before discovery",S008;S009;S044;S041;S116,"low HomePlatform strategic fit"
P12,shared-record mutability and deletion tension,MEDIUM,"Splitwise; AppClose; OurFamilyWizard; Maple","official privacy/export/record policies","one party can alter shared data, legal products intentionally retain records, or shutdown forces export","ownership, deletion and attribution rules must be explicit for shared household facts","preserve attribution after membership exit; define export/deletion semantics before public beta",S051;S043;S041;S056,"co-parenting legal-record requirements should not be copied into ordinary households"
P13,service continuity and portability,LOW,"Maple; Hearth","official shutdown/disclosure evidence","service closure or contradictory deletion disclosures can strand household history","portable export and deletion evidence build trust for long-lived family data","design stable IDs and an export boundary; schedule implementation before public beta",S056;S074;S086,"few observed shutdowns; impact rather than prevalence drives priority"
P14,fixed collaboration model,MEDIUM,"Any.do; Cozi; Google Family; TimeTree","official product constraints","four-member/four-project caps, one shared-password account, one family group or per-account premium conflict with real networks","households are not identical to credential groups and may include grandparents or caregivers","do not hard-code global member counts or one-household-per-account assumptions",S027;S002;S054;S020,"commercial limits may not reveal technical model"
P15,feature bloat and cognitive load,LOW-MEDIUM,"FamilyWall; hardware calendars; co-parenting suites","product-scope inference from official product and pricing material","many tabs, paywalled modules and administrative workflows obscure the daily coordination loop","HomePlatform risks reproducing a suite before proving a habit","prioritize Today, tasks/routines and shopping; defer meals, expenses, location and social feeds",S005;S034;S039,"qualitative inference; no controlled usability study"
